13120122,.80 Grit,150409,11691-1,we,20100202
13120122,jhadkjdj,150409,11691-2,we,20100202
13120122,"Beat Therapy, Vol. 2",150409,,we,20100202
13120122,Be Pleased,150409,11691-4,we,20100202
13120122,Fear No Journey,,11691-5,we,20100202
13120122,In The Next Room,150409,11691-6,we,
13120122,Come Back,150409,11691-7,we,20100202
,Tribal Rhythm (Carlos Manaca Remixes),150409,11691-8,we,20100202
13120122,Welcome Distraction,150409,11691-9,,20100202
13120122,gsfdtr,150409,,,20100202
,Urban Decay,150409,11691-11,we,20100202
13120122,Cimms,150409,11691-12,we,20100202
13120122,It's Like Summer,150409,11691-13,we,
13120122,njustr,,11691-14,we,20100202
13120122,Mustard Pancakes,150409,11691-15,we,20100202
13120122,Acosta Russell,150409,,we,20100202
13120122,Summer Love Song,150409,11691-17,we,20100202
1,Cool Under Pressure,,11691-18,we,
13120122,Sweet Sixteen Original Soundtrack,150409,11691-19,we,20100202
13120122,American Horror - Halloween Music,150409,11691-20,we,20100202
